generator_type,rho,alpha,delta,K,T,seed,method,concept_re_id_accuracy,assignment_entropy,wrong_memory_reuse_rate,worst_window_dip,worst_window_recovery,budget_normalized_score,final_accuracy,accuracy_auc,variant,anchor
sine,10.0,0.0,0.5,10,20,42,FPT_Full,0.88,1.079046,0.12,0.0,0,0.001493,0.656,11.941,Full,sine_easy
sine,10.0,0.0,0.5,10,20,123,FPT_Full,0.9,0.975134,0.1,0.0,0,0.0015,0.6336,12.0022,Full,sine_easy
sine,10.0,0.0,0.5,10,20,456,FPT_Full,0.94,0.769282,0.06,0.0,0,0.000947,0.5376,7.577,Full,sine_easy
sine,10.0,0.0,0.5,10,20,42,FPT_Hard assignment,0.86,0.51549,0.14,0.0,0,0.001492,0.656,11.9382,Hard assignment,sine_easy
sine,10.0,0.0,0.5,10,20,123,FPT_Hard assignment,0.865,0.504015,0.135,0.0,0,0.001497,0.6324,11.9784,Hard assignment,sine_easy
sine,10.0,0.0,0.5,10,20,456,FPT_Hard assignment,0.92,0.337958,0.08,0.0,0,0.000948,0.5376,7.581,Hard assignment,sine_easy
sine,10.0,0.0,0.5,10,20,42,FPT_No transition prior,0.835,0.600437,0.165,0.0,0,0.001494,0.6556,11.9496,No transition prior,sine_easy
sine,10.0,0.0,0.5,10,20,123,FPT_No transition prior,0.79,0.343483,0.21,0.0,0,0.001496,0.6344,11.9686,No transition prior,sine_easy
sine,10.0,0.0,0.5,10,20,456,FPT_No transition prior,0.885,0.011695,0.115,0.0,0,0.000947,0.5376,7.5746,No transition prior,sine_easy
sine,10.0,0.0,0.5,10,20,42,FPT_No spawn/merge,1.0,0.0,0.0,0.0,0,0.001497,0.656,11.9778,No spawn/merge,sine_easy
sine,10.0,0.0,0.5,10,20,123,FPT_No spawn/merge,1.0,0.0,0.0,0.0,0,0.001506,0.6332,12.0496,No spawn/merge,sine_easy
sine,10.0,0.0,0.5,10,20,456,FPT_No spawn/merge,1.0,0.0,0.0,0.0,0,0.000944,0.5376,7.5522,No spawn/merge,sine_easy
sine,10.0,0.0,0.5,10,20,42,FPT_No sticky dampening,0.88,1.079046,0.12,0.0,0,0.001493,0.656,11.941,No sticky dampening,sine_easy
sine,10.0,0.0,0.5,10,20,123,FPT_No sticky dampening,0.9,0.975134,0.1,0.0,0,0.0015,0.6336,12.0022,No sticky dampening,sine_easy
sine,10.0,0.0,0.5,10,20,456,FPT_No sticky dampening,0.94,0.769282,0.06,0.0,0,0.000947,0.5376,7.577,No sticky dampening,sine_easy
sine,10.0,0.0,0.5,10,20,42,FPT_No Phase A (model-only),1.0,0.0,0.0,0.0,0,,0.5296,9.695,No Phase A (model-only),sine_easy
sine,10.0,0.0,0.5,10,20,123,FPT_No Phase A (model-only),0.9,0.975134,0.1,0.0,0,0.0015,0.6336,12.0022,No Phase A (model-only),sine_easy
sine,10.0,0.0,0.5,10,20,456,FPT_No Phase A (model-only),0.94,0.769282,0.06,0.0,0,0.000947,0.5376,7.577,No Phase A (model-only),sine_easy
sine,10.0,0.0,0.5,10,20,42,FPT_No dynamic memory update,0.875,1.06371,0.125,0.0,0,0.001492,0.656,11.9362,No dynamic memory update,sine_easy
sine,10.0,0.0,0.5,10,20,123,FPT_No dynamic memory update,0.9,1.009007,0.1,0.0,0,0.0015,0.6336,12.0022,No dynamic memory update,sine_easy
sine,10.0,0.0,0.5,10,20,456,FPT_No dynamic memory update,0.94,0.796396,0.06,0.0,0,0.000947,0.5376,7.577,No dynamic memory update,sine_easy
sine,5.0,0.25,0.5,10,20,42,FPT_Full,0.93,1.20861,0.07,0.1056,6,0.001175,0.4604,9.3994,Full,sine_med_sync
sine,5.0,0.25,0.5,10,20,123,FPT_Full,0.925,1.217276,0.075,0.0472,1,0.001222,0.55,9.7734,Full,sine_med_sync
sine,5.0,0.25,0.5,10,20,456,FPT_Full,0.92,1.167621,0.08,0.1136,6,0.00097,0.396,7.757,Full,sine_med_sync
sine,5.0,0.25,0.5,10,20,42,FPT_Hard assignment,0.91,0.262868,0.09,0.1056,6,0.001175,0.4604,9.3974,Hard assignment,sine_med_sync
sine,5.0,0.25,0.5,10,20,123,FPT_Hard assignment,0.89,0.343734,0.11,0.0368,2,0.001227,0.55,9.8198,Hard assignment,sine_med_sync
sine,5.0,0.25,0.5,10,20,456,FPT_Hard assignment,0.885,0.368411,0.115,0.1424,6,0.000966,0.3964,7.7284,Hard assignment,sine_med_sync
sine,5.0,0.25,0.5,10,20,42,FPT_No transition prior,0.93,1.271595,0.07,0.1056,6,0.001174,0.4604,9.395,No transition prior,sine_med_sync
sine,5.0,0.25,0.5,10,20,123,FPT_No transition prior,0.925,1.572189,0.075,0.0368,1,0.001225,0.5512,9.7984,No transition prior,sine_med_sync
sine,5.0,0.25,0.5,10,20,456,FPT_No transition prior,0.95,1.367546,0.05,0.1136,6,0.00097,0.3988,7.7636,No transition prior,sine_med_sync
sine,5.0,0.25,0.5,10,20,42,FPT_No spawn/merge,0.36,0.0,0.64,0.0996,6,0.00118,0.456,9.44,No spawn/merge,sine_med_sync
sine,5.0,0.25,0.5,10,20,123,FPT_No spawn/merge,0.795,0.0,0.205,0.0576,1,0.00122,0.5508,9.7586,No spawn/merge,sine_med_sync
sine,5.0,0.25,0.5,10,20,456,FPT_No spawn/merge,0.595,0.0,0.405,0.1512,6,0.00097,0.3996,7.76,No spawn/merge,sine_med_sync
sine,5.0,0.25,0.5,10,20,42,FPT_No sticky dampening,0.93,1.20861,0.07,0.1056,6,0.001175,0.4604,9.3994,No sticky dampening,sine_med_sync
sine,5.0,0.25,0.5,10,20,123,FPT_No sticky dampening,0.925,1.217276,0.075,0.0472,1,0.001222,0.55,9.7734,No sticky dampening,sine_med_sync
sine,5.0,0.25,0.5,10,20,456,FPT_No sticky dampening,0.92,1.167621,0.08,0.1136,6,0.00097,0.396,7.757,No sticky dampening,sine_med_sync
sine,5.0,0.25,0.5,10,20,42,FPT_No Phase A (model-only),0.36,0.0,0.64,0.0636,6,,0.4788,9.449,No Phase A (model-only),sine_med_sync
sine,5.0,0.25,0.5,10,20,123,FPT_No Phase A (model-only),0.925,1.217276,0.075,0.0472,1,0.001222,0.55,9.7734,No Phase A (model-only),sine_med_sync
sine,5.0,0.25,0.5,10,20,456,FPT_No Phase A (model-only),0.92,1.167621,0.08,0.1136,6,0.00097,0.396,7.757,No Phase A (model-only),sine_med_sync
sine,5.0,0.25,0.5,10,20,42,FPT_No dynamic memory update,0.93,1.216911,0.07,0.1056,6,0.001175,0.4604,9.3994,No dynamic memory update,sine_med_sync
sine,5.0,0.25,0.5,10,20,123,FPT_No dynamic memory update,0.925,1.233483,0.075,0.0472,1,0.001222,0.55,9.7734,No dynamic memory update,sine_med_sync
sine,5.0,0.25,0.5,10,20,456,FPT_No dynamic memory update,0.92,1.169822,0.08,0.1136,6,0.00097,0.396,7.757,No dynamic memory update,sine_med_sync
sine,5.0,0.5,0.3,10,20,42,FPT_Full,0.905,1.261948,0.095,0.0676,6,0.001197,0.478,9.5796,Full,sine_med_mild
sine,5.0,0.5,0.3,10,20,123,FPT_Full,0.92,1.315902,0.08,0.0644,2,0.001199,0.5088,9.5926,Full,sine_med_mild
sine,5.0,0.5,0.3,10,20,456,FPT_Full,0.9,1.124171,0.1,0.084,6,0.001097,0.4696,8.7742,Full,sine_med_mild
sine,5.0,0.5,0.3,10,20,42,FPT_Hard assignment,0.875,0.379246,0.125,0.0872,6,0.0012,0.474,9.602,Hard assignment,sine_med_mild
sine,5.0,0.5,0.3,10,20,123,FPT_Hard assignment,0.88,0.421348,0.12,0.046,1,0.001205,0.5088,9.6406,Hard assignment,sine_med_mild
sine,5.0,0.5,0.3,10,20,456,FPT_Hard assignment,0.87,0.348676,0.13,0.0844,6,0.001098,0.4684,8.7804,Hard assignment,sine_med_mild
sine,5.0,0.5,0.3,10,20,42,FPT_No transition prior,0.94,1.356634,0.06,0.0936,6,0.001202,0.4772,9.614,No transition prior,sine_med_mild
sine,5.0,0.5,0.3,10,20,123,FPT_No transition prior,0.935,1.676192,0.065,0.0472,2,0.001203,0.5092,9.6272,No transition prior,sine_med_mild
sine,5.0,0.5,0.3,10,20,456,FPT_No transition prior,0.92,1.510232,0.08,0.0836,6,0.001098,0.4708,8.7848,No transition prior,sine_med_mild
sine,5.0,0.5,0.3,10,20,42,FPT_No spawn/merge,0.38,0.0,0.62,0.0596,6,0.00119,0.4652,9.5168,No spawn/merge,sine_med_mild
sine,5.0,0.5,0.3,10,20,123,FPT_No spawn/merge,0.54,0.0,0.46,0.036,1,0.001202,0.5128,9.6138,No spawn/merge,sine_med_mild
sine,5.0,0.5,0.3,10,20,456,FPT_No spawn/merge,0.485,0.0,0.515,0.0988,6,0.001086,0.4656,8.6866,No spawn/merge,sine_med_mild
sine,5.0,0.5,0.3,10,20,42,FPT_No sticky dampening,0.905,1.261948,0.095,0.0676,6,0.001197,0.478,9.5796,No sticky dampening,sine_med_mild
sine,5.0,0.5,0.3,10,20,123,FPT_No sticky dampening,0.92,1.315902,0.08,0.0644,2,0.001199,0.5088,9.5926,No sticky dampening,sine_med_mild
sine,5.0,0.5,0.3,10,20,456,FPT_No sticky dampening,0.9,1.124171,0.1,0.084,6,0.001097,0.4696,8.7742,No sticky dampening,sine_med_mild
sine,5.0,0.5,0.3,10,20,42,FPT_No Phase A (model-only),0.38,0.0,0.62,0.0516,6,,0.4836,9.5456,No Phase A (model-only),sine_med_mild
sine,5.0,0.5,0.3,10,20,123,FPT_No Phase A (model-only),0.92,1.315902,0.08,0.0644,2,0.001199,0.5088,9.5926,No Phase A (model-only),sine_med_mild
sine,5.0,0.5,0.3,10,20,456,FPT_No Phase A (model-only),0.9,1.124171,0.1,0.084,6,0.001097,0.4696,8.7742,No Phase A (model-only),sine_med_mild
sine,5.0,0.5,0.3,10,20,42,FPT_No dynamic memory update,0.905,1.264377,0.095,0.0676,6,0.001197,0.478,9.5796,No dynamic memory update,sine_med_mild
sine,5.0,0.5,0.3,10,20,123,FPT_No dynamic memory update,0.92,1.316717,0.08,0.0644,2,0.001199,0.5088,9.5926,No dynamic memory update,sine_med_mild
sine,5.0,0.5,0.3,10,20,456,FPT_No dynamic memory update,0.9,1.124171,0.1,0.084,6,0.001097,0.4696,8.7742,No dynamic memory update,sine_med_mild
sine,5.0,0.5,0.7,10,20,42,FPT_Full,0.935,1.241859,0.065,0.08,1,0.001199,0.4588,9.5892,Full,sine_med_strong
sine,5.0,0.5,0.7,10,20,123,FPT_Full,0.945,1.29671,0.055,0.0652,2,0.001194,0.5152,9.5538,Full,sine_med_strong
sine,5.0,0.5,0.7,10,20,456,FPT_Full,0.945,1.205572,0.055,0.152,6,0.001041,0.4176,8.3266,Full,sine_med_strong
sine,5.0,0.5,0.7,10,20,42,FPT_Hard assignment,0.9,0.27297,0.1,0.1128,6,0.0012,0.4608,9.6038,Hard assignment,sine_med_strong
sine,5.0,0.5,0.7,10,20,123,FPT_Hard assignment,0.91,0.214265,0.09,0.0652,1,0.001204,0.5184,9.6314,Hard assignment,sine_med_strong
sine,5.0,0.5,0.7,10,20,456,FPT_Hard assignment,0.9,0.247782,0.1,0.1504,6,0.001042,0.4224,8.3362,Hard assignment,sine_med_strong
sine,5.0,0.5,0.7,10,20,42,FPT_No transition prior,0.94,1.650332,0.06,0.0996,6,0.0012,0.4608,9.5998,No transition prior,sine_med_strong
sine,5.0,0.5,0.7,10,20,123,FPT_No transition prior,0.925,1.742282,0.075,0.0652,2,0.001198,0.516,9.5822,No transition prior,sine_med_strong
sine,5.0,0.5,0.7,10,20,456,FPT_No transition prior,0.935,1.415222,0.065,0.1512,6,0.001041,0.418,8.3292,No transition prior,sine_med_strong
sine,5.0,0.5,0.7,10,20,42,FPT_No spawn/merge,0.38,0.0,0.62,0.0628,1,0.001184,0.4604,9.47,No spawn/merge,sine_med_strong
sine,5.0,0.5,0.7,10,20,123,FPT_No spawn/merge,0.54,0.0,0.46,0.042,2,0.001199,0.5156,9.5888,No spawn/merge,sine_med_strong
sine,5.0,0.5,0.7,10,20,456,FPT_No spawn/merge,0.485,0.0,0.515,0.146,6,0.001021,0.4132,8.1716,No spawn/merge,sine_med_strong
sine,5.0,0.5,0.7,10,20,42,FPT_No sticky dampening,0.935,1.241859,0.065,0.08,1,0.001199,0.4588,9.5892,No sticky dampening,sine_med_strong
sine,5.0,0.5,0.7,10,20,123,FPT_No sticky dampening,0.945,1.29671,0.055,0.0652,2,0.001194,0.5152,9.5538,No sticky dampening,sine_med_strong
sine,5.0,0.5,0.7,10,20,456,FPT_No sticky dampening,0.945,1.205572,0.055,0.152,6,0.001041,0.4176,8.3266,No sticky dampening,sine_med_strong
sine,5.0,0.5,0.7,10,20,42,FPT_No Phase A (model-only),0.38,0.0,0.62,0.0732,4,,0.48,9.5674,No Phase A (model-only),sine_med_strong
sine,5.0,0.5,0.7,10,20,123,FPT_No Phase A (model-only),0.945,1.29671,0.055,0.0652,2,0.001194,0.5152,9.5538,No Phase A (model-only),sine_med_strong
sine,5.0,0.5,0.7,10,20,456,FPT_No Phase A (model-only),0.945,1.205572,0.055,0.152,6,0.001041,0.4176,8.3266,No Phase A (model-only),sine_med_strong
sine,5.0,0.5,0.7,10,20,42,FPT_No dynamic memory update,0.935,1.245806,0.065,0.08,1,0.001199,0.4588,9.5892,No dynamic memory update,sine_med_strong
sine,5.0,0.5,0.7,10,20,123,FPT_No dynamic memory update,0.945,1.299987,0.055,0.0652,2,0.001194,0.5152,9.5538,No dynamic memory update,sine_med_strong
sine,5.0,0.5,0.7,10,20,456,FPT_No dynamic memory update,0.945,1.205572,0.055,0.152,6,0.001041,0.4176,8.3266,No dynamic memory update,sine_med_strong
sine,2.0,0.75,0.5,10,20,42,FPT_Full,0.44,1.363077,0.56,0.0444,1,0.001191,0.5144,9.5318,Full,sine_hard
sine,2.0,0.75,0.5,10,20,123,FPT_Full,0.49,1.377228,0.51,0.1012,2,0.001213,0.5364,9.7026,Full,sine_hard
sine,2.0,0.75,0.5,10,20,456,FPT_Full,0.49,1.278154,0.51,0.1092,5,0.001142,0.616,9.1354,Full,sine_hard
sine,2.0,0.75,0.5,10,20,42,FPT_Hard assignment,0.43,0.428941,0.57,0.0524,2,0.001195,0.5124,9.5628,Hard assignment,sine_hard
sine,2.0,0.75,0.5,10,20,123,FPT_Hard assignment,0.47,0.477642,0.53,0.106,2,0.001216,0.5408,9.7304,Hard assignment,sine_hard
sine,2.0,0.75,0.5,10,20,456,FPT_Hard assignment,0.48,0.354757,0.52,0.1092,5,0.001144,0.6152,9.1498,Hard assignment,sine_hard
sine,2.0,0.75,0.5,10,20,42,FPT_No transition prior,0.47,1.866211,0.53,0.0424,1,0.001202,0.5148,9.6168,No transition prior,sine_hard
sine,2.0,0.75,0.5,10,20,123,FPT_No transition prior,0.49,1.739881,0.51,0.0976,2,0.001213,0.5348,9.7014,No transition prior,sine_hard
sine,2.0,0.75,0.5,10,20,456,FPT_No transition prior,0.485,1.654582,0.515,0.1104,5,0.00114,0.6188,9.118,No transition prior,sine_hard
sine,2.0,0.75,0.5,10,20,42,FPT_No spawn/merge,0.165,0.0,0.835,0.0636,1,0.001179,0.5048,9.4314,No spawn/merge,sine_hard
sine,2.0,0.75,0.5,10,20,123,FPT_No spawn/merge,0.14,0.0,0.86,0.142,6,0.001211,0.5356,9.6878,No spawn/merge,sine_hard
sine,2.0,0.75,0.5,10,20,456,FPT_No spawn/merge,0.145,0.0,0.855,0.0976,5,0.001139,0.6136,9.1118,No spawn/merge,sine_hard
sine,2.0,0.75,0.5,10,20,42,FPT_No sticky dampening,0.44,1.363077,0.56,0.0444,1,0.001191,0.5144,9.5318,No sticky dampening,sine_hard
sine,2.0,0.75,0.5,10,20,123,FPT_No sticky dampening,0.49,1.377228,0.51,0.1012,2,0.001213,0.5364,9.7026,No sticky dampening,sine_hard
sine,2.0,0.75,0.5,10,20,456,FPT_No sticky dampening,0.49,1.278154,0.51,0.1092,5,0.001142,0.616,9.1354,No sticky dampening,sine_hard
sine,2.0,0.75,0.5,10,20,42,FPT_No Phase A (model-only),0.165,0.0,0.835,0.0476,4,,0.5028,9.4472,No Phase A (model-only),sine_hard
sine,2.0,0.75,0.5,10,20,123,FPT_No Phase A (model-only),0.49,1.377228,0.51,0.1012,2,0.001213,0.5364,9.7026,No Phase A (model-only),sine_hard
sine,2.0,0.75,0.5,10,20,456,FPT_No Phase A (model-only),0.49,1.278154,0.51,0.1092,5,0.001142,0.616,9.1354,No Phase A (model-only),sine_hard
sine,2.0,0.75,0.5,10,20,42,FPT_No dynamic memory update,0.44,1.366369,0.56,0.0444,1,0.001191,0.5144,9.5318,No dynamic memory update,sine_hard
sine,2.0,0.75,0.5,10,20,123,FPT_No dynamic memory update,0.49,1.375305,0.51,0.1012,2,0.001213,0.5364,9.7026,No dynamic memory update,sine_hard
sine,2.0,0.75,0.5,10,20,456,FPT_No dynamic memory update,0.49,1.278462,0.51,0.1092,5,0.001142,0.616,9.1354,No dynamic memory update,sine_hard
sine,2.0,1.0,1.0,10,20,42,FPT_Full,0.49,1.182266,0.51,0.1084,6,0.001282,0.5076,10.2552,Full,sine_extreme
sine,2.0,1.0,1.0,10,20,123,FPT_Full,0.475,1.279413,0.525,0.1064,6,0.001124,0.4256,8.994,Full,sine_extreme
sine,2.0,1.0,1.0,10,20,456,FPT_Full,0.46,1.163225,0.54,0.158,6,0.001222,0.4756,9.7762,Full,sine_extreme
sine,2.0,1.0,1.0,10,20,42,FPT_Hard assignment,0.48,0.183141,0.52,0.082,2,0.00126,0.4996,10.0776,Hard assignment,sine_extreme
sine,2.0,1.0,1.0,10,20,123,FPT_Hard assignment,0.475,0.231294,0.525,0.1036,6,0.001117,0.4252,8.9346,Hard assignment,sine_extreme
sine,2.0,1.0,1.0,10,20,456,FPT_Hard assignment,0.46,0.16364,0.54,0.1484,6,0.001213,0.4764,9.7046,Hard assignment,sine_extreme
sine,2.0,1.0,1.0,10,20,42,FPT_No transition prior,0.475,1.675779,0.525,0.0756,1,0.001245,0.506,9.9604,No transition prior,sine_extreme
sine,2.0,1.0,1.0,10,20,123,FPT_No transition prior,0.475,1.425867,0.525,0.1044,6,0.00113,0.4256,9.0412,No transition prior,sine_extreme
sine,2.0,1.0,1.0,10,20,456,FPT_No transition prior,0.475,1.512722,0.525,0.1528,6,0.001225,0.4764,9.8002,No transition prior,sine_extreme
sine,2.0,1.0,1.0,10,20,42,FPT_No spawn/merge,0.15,0.0,0.85,0.0732,6,0.001189,0.4992,9.5122,No spawn/merge,sine_extreme
sine,2.0,1.0,1.0,10,20,123,FPT_No spawn/merge,0.16,0.0,0.84,0.1068,6,0.001178,0.436,9.4224,No spawn/merge,sine_extreme
sine,2.0,1.0,1.0,10,20,456,FPT_No spawn/merge,0.145,0.0,0.855,0.1484,6,0.001223,0.4592,9.7804,No spawn/merge,sine_extreme
sine,2.0,1.0,1.0,10,20,42,FPT_No sticky dampening,0.49,1.182266,0.51,0.1084,6,0.001282,0.5076,10.2552,No sticky dampening,sine_extreme
sine,2.0,1.0,1.0,10,20,123,FPT_No sticky dampening,0.475,1.279413,0.525,0.1064,6,0.001124,0.4256,8.994,No sticky dampening,sine_extreme
sine,2.0,1.0,1.0,10,20,456,FPT_No sticky dampening,0.46,1.163225,0.54,0.158,6,0.001222,0.4756,9.7762,No sticky dampening,sine_extreme
sine,2.0,1.0,1.0,10,20,42,FPT_No Phase A (model-only),0.15,0.0,0.85,0.0632,6,,0.5232,9.3838,No Phase A (model-only),sine_extreme
sine,2.0,1.0,1.0,10,20,123,FPT_No Phase A (model-only),0.475,1.279413,0.525,0.1064,6,0.001124,0.4256,8.994,No Phase A (model-only),sine_extreme
sine,2.0,1.0,1.0,10,20,456,FPT_No Phase A (model-only),0.46,1.163225,0.54,0.158,6,0.001222,0.4756,9.7762,No Phase A (model-only),sine_extreme
sine,2.0,1.0,1.0,10,20,42,FPT_No dynamic memory update,0.49,1.185427,0.51,0.1084,6,0.001282,0.5076,10.2552,No dynamic memory update,sine_extreme
sine,2.0,1.0,1.0,10,20,123,FPT_No dynamic memory update,0.475,1.279413,0.525,0.1064,6,0.001124,0.4256,8.994,No dynamic memory update,sine_extreme
sine,2.0,1.0,1.0,10,20,456,FPT_No dynamic memory update,0.46,1.173357,0.54,0.158,6,0.001222,0.4756,9.7762,No dynamic memory update,sine_extreme
sea,10.0,0.0,0.5,10,20,42,FPT_Full,0.895,0.83509,0.105,0.0,0,0.001374,0.7932,14.2942,Full,sea_easy
sea,10.0,0.0,0.5,10,20,123,FPT_Full,0.91,0.982926,0.09,0.0,0,0.001392,0.8236,14.4728,Full,sea_easy
sea,10.0,0.0,0.5,10,20,456,FPT_Full,0.885,0.884507,0.115,0.0,0,0.001361,0.812,14.1532,Full,sea_easy
sea,10.0,0.0,0.5,10,20,42,FPT_Hard assignment,0.875,0.410813,0.125,0.0,0,0.001375,0.7932,14.2974,Hard assignment,sea_easy
sea,10.0,0.0,0.5,10,20,123,FPT_Hard assignment,0.9,0.45117,0.1,0.0,0,0.001392,0.824,14.4742,Hard assignment,sea_easy
sea,10.0,0.0,0.5,10,20,456,FPT_Hard assignment,0.865,0.538528,0.135,0.0,0,0.001361,0.8116,14.155,Hard assignment,sea_easy
sea,10.0,0.0,0.5,10,20,42,FPT_No transition prior,0.82,0.244049,0.18,0.0,0,0.001374,0.7928,14.292,No transition prior,sea_easy
sea,10.0,0.0,0.5,10,20,123,FPT_No transition prior,0.895,0.104629,0.105,0.0,0,0.001392,0.824,14.479,No transition prior,sea_easy
sea,10.0,0.0,0.5,10,20,456,FPT_No transition prior,0.76,0.429102,0.24,0.0,0,0.001362,0.812,14.1604,No transition prior,sea_easy
sea,10.0,0.0,0.5,10,20,42,FPT_No spawn/merge,1.0,0.0,0.0,0.0,0,0.001374,0.794,14.291,No spawn/merge,sea_easy
sea,10.0,0.0,0.5,10,20,123,FPT_No spawn/merge,1.0,0.0,0.0,0.0,0,0.001392,0.822,14.476,No spawn/merge,sea_easy
sea,10.0,0.0,0.5,10,20,456,FPT_No spawn/merge,1.0,0.0,0.0,0.0,0,0.001361,0.8124,14.1586,No spawn/merge,sea_easy
sea,10.0,0.0,0.5,10,20,42,FPT_No sticky dampening,0.895,0.83509,0.105,0.0,0,0.001374,0.7932,14.2942,No sticky dampening,sea_easy
sea,10.0,0.0,0.5,10,20,123,FPT_No sticky dampening,0.91,0.982926,0.09,0.0,0,0.001392,0.8236,14.4728,No sticky dampening,sea_easy
sea,10.0,0.0,0.5,10,20,456,FPT_No sticky dampening,0.885,0.884507,0.115,0.0,0,0.001361,0.812,14.1532,No sticky dampening,sea_easy
sea,10.0,0.0,0.5,10,20,42,FPT_No Phase A (model-only),1.0,0.0,0.0,0.0,0,,0.7792,14.2276,No Phase A (model-only),sea_easy
sea,10.0,0.0,0.5,10,20,123,FPT_No Phase A (model-only),0.91,0.982926,0.09,0.0,0,0.001392,0.8236,14.4728,No Phase A (model-only),sea_easy
sea,10.0,0.0,0.5,10,20,456,FPT_No Phase A (model-only),0.885,0.884507,0.115,0.0,0,0.001361,0.812,14.1532,No Phase A (model-only),sea_easy
sea,10.0,0.0,0.5,10,20,42,FPT_No dynamic memory update,0.905,0.863302,0.095,0.0,0,0.001375,0.7932,14.2962,No dynamic memory update,sea_easy
sea,10.0,0.0,0.5,10,20,123,FPT_No dynamic memory update,0.92,0.930294,0.08,0.0,0,0.001392,0.8236,14.4744,No dynamic memory update,sea_easy
sea,10.0,0.0,0.5,10,20,456,FPT_No dynamic memory update,0.885,0.932665,0.115,0.0,0,0.001361,0.812,14.1508,No dynamic memory update,sea_easy
sea,5.0,0.5,0.5,10,20,42,FPT_Full,0.565,1.173548,0.435,0.092,6,0.001355,0.7596,14.094,Full,sea_med
sea,5.0,0.5,0.5,10,20,123,FPT_Full,0.79,1.286264,0.21,0.0844,2,0.001335,0.754,13.8814,Full,sea_med
sea,5.0,0.5,0.5,10,20,456,FPT_Full,0.67,1.299666,0.33,0.0508,1,0.001352,0.8028,14.0574,Full,sea_med
sea,5.0,0.5,0.5,10,20,42,FPT_Hard assignment,0.51,0.509086,0.49,0.09,6,0.001358,0.7608,14.1206,Hard assignment,sea_med
sea,5.0,0.5,0.5,10,20,123,FPT_Hard assignment,0.76,0.53656,0.24,0.078,2,0.001335,0.752,13.8852,Hard assignment,sea_med
sea,5.0,0.5,0.5,10,20,456,FPT_Hard assignment,0.635,0.649909,0.365,0.0508,1,0.001352,0.8024,14.0604,Hard assignment,sea_med
sea,5.0,0.5,0.5,10,20,42,FPT_No transition prior,0.535,1.241434,0.465,0.0916,6,0.001358,0.7652,14.1236,No transition prior,sea_med
sea,5.0,0.5,0.5,10,20,123,FPT_No transition prior,0.8,1.61995,0.2,0.0828,2,0.001335,0.7524,13.8882,No transition prior,sea_med
sea,5.0,0.5,0.5,10,20,456,FPT_No transition prior,0.695,1.515038,0.305,0.0504,1,0.001352,0.8028,14.0566,No transition prior,sea_med
sea,5.0,0.5,0.5,10,20,42,FPT_No spawn/merge,0.38,0.0,0.62,0.1068,6,0.001351,0.7736,14.0538,No spawn/merge,sea_med
sea,5.0,0.5,0.5,10,20,123,FPT_No spawn/merge,0.54,0.0,0.46,0.0868,2,0.001337,0.77,13.9098,No spawn/merge,sea_med
sea,5.0,0.5,0.5,10,20,456,FPT_No spawn/merge,0.485,0.0,0.515,0.0576,1,0.001354,0.7988,14.0826,No spawn/merge,sea_med
sea,5.0,0.5,0.5,10,20,42,FPT_No sticky dampening,0.565,1.173548,0.435,0.092,6,0.001355,0.7596,14.094,No sticky dampening,sea_med
sea,5.0,0.5,0.5,10,20,123,FPT_No sticky dampening,0.79,1.286264,0.21,0.0844,2,0.001335,0.754,13.8814,No sticky dampening,sea_med
sea,5.0,0.5,0.5,10,20,456,FPT_No sticky dampening,0.67,1.299666,0.33,0.0508,1,0.001352,0.8028,14.0574,No sticky dampening,sea_med
sea,5.0,0.5,0.5,10,20,42,FPT_No Phase A (model-only),0.38,0.0,0.62,0.0948,6,,0.74,13.7798,No Phase A (model-only),sea_med
sea,5.0,0.5,0.5,10,20,123,FPT_No Phase A (model-only),0.79,1.286264,0.21,0.0844,2,0.001335,0.754,13.8814,No Phase A (model-only),sea_med
sea,5.0,0.5,0.5,10,20,456,FPT_No Phase A (model-only),0.67,1.299666,0.33,0.0508,1,0.001352,0.8028,14.0574,No Phase A (model-only),sea_med
sea,5.0,0.5,0.5,10,20,42,FPT_No dynamic memory update,0.56,1.178965,0.44,0.0904,6,0.001355,0.7596,14.0924,No dynamic memory update,sea_med
sea,5.0,0.5,0.5,10,20,123,FPT_No dynamic memory update,0.79,1.294073,0.21,0.0844,2,0.001335,0.754,13.8814,No dynamic memory update,sea_med
sea,5.0,0.5,0.5,10,20,456,FPT_No dynamic memory update,0.67,1.299666,0.33,0.0508,1,0.001352,0.8028,14.0574,No dynamic memory update,sea_med
sea,5.0,0.5,1.0,10,20,42,FPT_Full,0.595,1.189613,0.405,0.0984,6,0.001352,0.7608,14.0626,Full,sea_med_strong
sea,5.0,0.5,1.0,10,20,123,FPT_Full,0.815,1.203687,0.185,0.0724,2,0.001343,0.7544,13.968,Full,sea_med_strong
sea,5.0,0.5,1.0,10,20,456,FPT_Full,0.64,1.281677,0.36,0.0544,1,0.001352,0.806,14.0614,Full,sea_med_strong
sea,5.0,0.5,1.0,10,20,42,FPT_Hard assignment,0.545,0.541977,0.455,0.0988,6,0.001353,0.7632,14.071,Hard assignment,sea_med_strong
sea,5.0,0.5,1.0,10,20,123,FPT_Hard assignment,0.765,0.553547,0.235,0.0736,2,0.001341,0.7512,13.9432,Hard assignment,sea_med_strong
sea,5.0,0.5,1.0,10,20,456,FPT_Hard assignment,0.55,0.710962,0.45,0.052,1,0.001352,0.804,14.0576,Hard assignment,sea_med_strong
sea,5.0,0.5,1.0,10,20,42,FPT_No transition prior,0.545,1.349723,0.455,0.0988,6,0.001356,0.7632,14.105,No transition prior,sea_med_strong
sea,5.0,0.5,1.0,10,20,123,FPT_No transition prior,0.8,1.746658,0.2,0.0712,2,0.001342,0.7512,13.9544,No transition prior,sea_med_strong
sea,5.0,0.5,1.0,10,20,456,FPT_No transition prior,0.68,1.657744,0.32,0.052,1,0.001353,0.806,14.0698,No transition prior,sea_med_strong
sea,5.0,0.5,1.0,10,20,42,FPT_No spawn/merge,0.38,0.0,0.62,0.1104,6,0.001353,0.7788,14.0668,No spawn/merge,sea_med_strong
sea,5.0,0.5,1.0,10,20,123,FPT_No spawn/merge,0.54,0.0,0.46,0.0932,2,0.001343,0.7716,13.9622,No spawn/merge,sea_med_strong
sea,5.0,0.5,1.0,10,20,456,FPT_No spawn/merge,0.485,0.0,0.515,0.06,1,0.001356,0.8008,14.1024,No spawn/merge,sea_med_strong
sea,5.0,0.5,1.0,10,20,42,FPT_No sticky dampening,0.595,1.189613,0.405,0.0984,6,0.001352,0.7608,14.0626,No sticky dampening,sea_med_strong
sea,5.0,0.5,1.0,10,20,123,FPT_No sticky dampening,0.815,1.203687,0.185,0.0724,2,0.001343,0.7544,13.968,No sticky dampening,sea_med_strong
sea,5.0,0.5,1.0,10,20,456,FPT_No sticky dampening,0.64,1.281677,0.36,0.0544,1,0.001352,0.806,14.0614,No sticky dampening,sea_med_strong
sea,5.0,0.5,1.0,10,20,42,FPT_No Phase A (model-only),0.38,0.0,0.62,0.0968,6,,0.7376,13.7702,No Phase A (model-only),sea_med_strong
sea,5.0,0.5,1.0,10,20,123,FPT_No Phase A (model-only),0.815,1.203687,0.185,0.0724,2,0.001343,0.7544,13.968,No Phase A (model-only),sea_med_strong
sea,5.0,0.5,1.0,10,20,456,FPT_No Phase A (model-only),0.64,1.281677,0.36,0.0544,1,0.001352,0.806,14.0614,No Phase A (model-only),sea_med_strong
sea,5.0,0.5,1.0,10,20,42,FPT_No dynamic memory update,0.595,1.19246,0.405,0.0984,6,0.001352,0.7608,14.0626,No dynamic memory update,sea_med_strong
sea,5.0,0.5,1.0,10,20,123,FPT_No dynamic memory update,0.815,1.210915,0.185,0.0724,2,0.001343,0.7544,13.968,No dynamic memory update,sea_med_strong
sea,5.0,0.5,1.0,10,20,456,FPT_No dynamic memory update,0.64,1.281677,0.36,0.0544,1,0.001352,0.806,14.0614,No dynamic memory update,sea_med_strong
sea,2.0,0.5,0.5,10,20,42,FPT_Full,0.43,1.189151,0.57,0.0776,2,0.001336,0.7772,13.8984,Full,sea_hard
sea,2.0,0.5,0.5,10,20,123,FPT_Full,0.43,1.194558,0.57,0.1456,3,0.001355,0.8196,14.088,Full,sea_hard
sea,2.0,0.5,0.5,10,20,456,FPT_Full,0.36,1.275541,0.64,0.122,6,0.001355,0.758,14.095,Full,sea_hard
sea,2.0,0.5,0.5,10,20,42,FPT_Hard assignment,0.435,0.580679,0.565,0.086,2,0.001336,0.7776,13.8938,Hard assignment,sea_hard
sea,2.0,0.5,0.5,10,20,123,FPT_Hard assignment,0.42,0.607269,0.58,0.146,3,0.001351,0.8204,14.054,Hard assignment,sea_hard
sea,2.0,0.5,0.5,10,20,456,FPT_Hard assignment,0.36,0.770276,0.64,0.126,6,0.001352,0.7572,14.0642,Hard assignment,sea_hard
sea,2.0,0.5,0.5,10,20,42,FPT_No transition prior,0.44,1.323586,0.56,0.0808,2,0.001334,0.7772,13.8764,No transition prior,sea_hard
sea,2.0,0.5,0.5,10,20,123,FPT_No transition prior,0.45,1.364746,0.55,0.1516,3,0.00135,0.8164,14.0424,No transition prior,sea_hard
sea,2.0,0.5,0.5,10,20,456,FPT_No transition prior,0.33,1.802837,0.67,0.1224,6,0.001351,0.7584,14.0464,No transition prior,sea_hard
sea,2.0,0.5,0.5,10,20,42,FPT_No spawn/merge,0.22,0.0,0.78,0.1084,2,0.001341,0.7832,13.9486,No spawn/merge,sea_hard
sea,2.0,0.5,0.5,10,20,123,FPT_No spawn/merge,0.19,0.0,0.81,0.1524,3,0.001357,0.842,14.1144,No spawn/merge,sea_hard
sea,2.0,0.5,0.5,10,20,456,FPT_No spawn/merge,0.155,0.0,0.845,0.1088,6,0.001346,0.7564,14.0002,No spawn/merge,sea_hard
sea,2.0,0.5,0.5,10,20,42,FPT_No sticky dampening,0.43,1.189151,0.57,0.0776,2,0.001336,0.7772,13.8984,No sticky dampening,sea_hard
sea,2.0,0.5,0.5,10,20,123,FPT_No sticky dampening,0.43,1.194558,0.57,0.1456,3,0.001355,0.8196,14.088,No sticky dampening,sea_hard
sea,2.0,0.5,0.5,10,20,456,FPT_No sticky dampening,0.36,1.275541,0.64,0.122,6,0.001355,0.758,14.095,No sticky dampening,sea_hard
sea,2.0,0.5,0.5,10,20,42,FPT_No Phase A (model-only),0.22,0.0,0.78,0.0892,3,,0.7672,13.5578,No Phase A (model-only),sea_hard
sea,2.0,0.5,0.5,10,20,123,FPT_No Phase A (model-only),0.43,1.194558,0.57,0.1456,3,0.001355,0.8196,14.088,No Phase A (model-only),sea_hard
sea,2.0,0.5,0.5,10,20,456,FPT_No Phase A (model-only),0.36,1.275541,0.64,0.122,6,0.001355,0.758,14.095,No Phase A (model-only),sea_hard
sea,2.0,0.5,0.5,10,20,42,FPT_No dynamic memory update,0.43,1.197682,0.57,0.078,2,0.001336,0.7772,13.896,No dynamic memory update,sea_hard
sea,2.0,0.5,0.5,10,20,123,FPT_No dynamic memory update,0.43,1.202261,0.57,0.1456,3,0.001355,0.8196,14.088,No dynamic memory update,sea_hard
sea,2.0,0.5,0.5,10,20,456,FPT_No dynamic memory update,0.36,1.281614,0.64,0.122,6,0.001355,0.758,14.095,No dynamic memory update,sea_hard
sea,2.0,1.0,0.5,10,20,42,FPT_Full,0.345,1.269551,0.655,0.0964,6,0.001345,0.7632,13.9864,Full,sea_extreme
sea,2.0,1.0,0.5,10,20,123,FPT_Full,0.36,1.306639,0.64,0.0512,1,0.001357,0.7832,14.111,Full,sea_extreme
sea,2.0,1.0,0.5,10,20,456,FPT_Full,0.345,1.167396,0.655,0.0504,1,0.001338,0.822,13.9164,Full,sea_extreme
sea,2.0,1.0,0.5,10,20,42,FPT_Hard assignment,0.36,0.575008,0.64,0.0976,6,0.001344,0.7644,13.9814,Hard assignment,sea_extreme
sea,2.0,1.0,0.5,10,20,123,FPT_Hard assignment,0.355,0.632871,0.645,0.0508,1,0.001359,0.784,14.135,Hard assignment,sea_extreme
sea,2.0,1.0,0.5,10,20,456,FPT_Hard assignment,0.365,0.537214,0.635,0.0384,0,0.00134,0.8208,13.9334,Hard assignment,sea_extreme
sea,2.0,1.0,0.5,10,20,42,FPT_No transition prior,0.32,1.509572,0.68,0.0924,6,0.001345,0.7628,13.9894,No transition prior,sea_extreme
sea,2.0,1.0,0.5,10,20,123,FPT_No transition prior,0.33,1.708396,0.67,0.0516,1,0.001354,0.784,14.0858,No transition prior,sea_extreme
sea,2.0,1.0,0.5,10,20,456,FPT_No transition prior,0.335,1.293811,0.665,0.0532,1,0.001338,0.8224,13.9122,No transition prior,sea_extreme
sea,2.0,1.0,0.5,10,20,42,FPT_No spawn/merge,0.15,0.0,0.85,0.1112,6,0.001338,0.7632,13.9188,No spawn/merge,sea_extreme
sea,2.0,1.0,0.5,10,20,123,FPT_No spawn/merge,0.16,0.0,0.84,0.0524,1,0.001359,0.7916,14.1376,No spawn/merge,sea_extreme
sea,2.0,1.0,0.5,10,20,456,FPT_No spawn/merge,0.145,0.0,0.855,0.0516,2,0.001336,0.8336,13.8906,No spawn/merge,sea_extreme
sea,2.0,1.0,0.5,10,20,42,FPT_No sticky dampening,0.345,1.269551,0.655,0.0964,6,0.001345,0.7632,13.9864,No sticky dampening,sea_extreme
sea,2.0,1.0,0.5,10,20,123,FPT_No sticky dampening,0.36,1.306639,0.64,0.0512,1,0.001357,0.7832,14.111,No sticky dampening,sea_extreme
sea,2.0,1.0,0.5,10,20,456,FPT_No sticky dampening,0.345,1.167396,0.655,0.0504,1,0.001338,0.822,13.9164,No sticky dampening,sea_extreme
sea,2.0,1.0,0.5,10,20,42,FPT_No Phase A (model-only),0.15,0.0,0.85,0.058,6,,0.7544,13.63,No Phase A (model-only),sea_extreme
sea,2.0,1.0,0.5,10,20,123,FPT_No Phase A (model-only),0.36,1.306639,0.64,0.0512,1,0.001357,0.7832,14.111,No Phase A (model-only),sea_extreme
sea,2.0,1.0,0.5,10,20,456,FPT_No Phase A (model-only),0.345,1.167396,0.655,0.0504,1,0.001338,0.822,13.9164,No Phase A (model-only),sea_extreme
sea,2.0,1.0,0.5,10,20,42,FPT_No dynamic memory update,0.345,1.268837,0.655,0.0964,6,0.001345,0.7632,13.9864,No dynamic memory update,sea_extreme
sea,2.0,1.0,0.5,10,20,123,FPT_No dynamic memory update,0.36,1.305859,0.64,0.0512,1,0.001357,0.7832,14.1106,No dynamic memory update,sea_extreme
sea,2.0,1.0,0.5,10,20,456,FPT_No dynamic memory update,0.345,1.159606,0.655,0.0436,1,0.00134,0.8216,13.931,No dynamic memory update,sea_extreme
sea,5.0,0.75,0.7,10,20,42,FPT_Full,0.765,1.123371,0.235,0.0644,2,0.001359,0.7612,14.1346,Full,sea_async
sea,5.0,0.75,0.7,10,20,123,FPT_Full,0.685,1.238388,0.315,0.0688,2,0.001358,0.7464,14.1268,Full,sea_async
sea,5.0,0.75,0.7,10,20,456,FPT_Full,0.6,1.203828,0.4,0.0448,1,0.001348,0.7996,14.0158,Full,sea_async
sea,5.0,0.75,0.7,10,20,42,FPT_Hard assignment,0.745,0.418163,0.255,0.066,2,0.00136,0.7588,14.1482,Hard assignment,sea_async
sea,5.0,0.75,0.7,10,20,123,FPT_Hard assignment,0.66,0.590253,0.34,0.0672,2,0.001356,0.7472,14.1044,Hard assignment,sea_async
sea,5.0,0.75,0.7,10,20,456,FPT_Hard assignment,0.61,0.637739,0.39,0.0464,1,0.001346,0.7984,13.9944,Hard assignment,sea_async
sea,5.0,0.75,0.7,10,20,42,FPT_No transition prior,0.735,1.353307,0.265,0.062,2,0.00136,0.76,14.1432,No transition prior,sea_async
sea,5.0,0.75,0.7,10,20,123,FPT_No transition prior,0.695,1.61389,0.305,0.0644,2,0.001357,0.7464,14.1164,No transition prior,sea_async
sea,5.0,0.75,0.7,10,20,456,FPT_No transition prior,0.63,1.360763,0.37,0.0468,1,0.001348,0.7976,14.0212,No transition prior,sea_async
sea,5.0,0.75,0.7,10,20,42,FPT_No spawn/merge,0.365,0.0,0.635,0.0752,1,0.001352,0.768,14.0556,No spawn/merge,sea_async
sea,5.0,0.75,0.7,10,20,123,FPT_No spawn/merge,0.345,0.0,0.655,0.0704,1,0.00136,0.7752,14.1472,No spawn/merge,sea_async
sea,5.0,0.75,0.7,10,20,456,FPT_No spawn/merge,0.325,0.0,0.675,0.0544,1,0.001343,0.7992,13.97,No spawn/merge,sea_async
sea,5.0,0.75,0.7,10,20,42,FPT_No sticky dampening,0.765,1.123371,0.235,0.0644,2,0.001359,0.7612,14.1346,No sticky dampening,sea_async
sea,5.0,0.75,0.7,10,20,123,FPT_No sticky dampening,0.685,1.238388,0.315,0.0688,2,0.001358,0.7464,14.1268,No sticky dampening,sea_async
sea,5.0,0.75,0.7,10,20,456,FPT_No sticky dampening,0.6,1.203828,0.4,0.0448,1,0.001348,0.7996,14.0158,No sticky dampening,sea_async
sea,5.0,0.75,0.7,10,20,42,FPT_No Phase A (model-only),0.365,0.0,0.635,0.0604,1,,0.732,13.7652,No Phase A (model-only),sea_async
sea,5.0,0.75,0.7,10,20,123,FPT_No Phase A (model-only),0.685,1.238388,0.315,0.0688,2,0.001358,0.7464,14.1268,No Phase A (model-only),sea_async
sea,5.0,0.75,0.7,10,20,456,FPT_No Phase A (model-only),0.6,1.203828,0.4,0.0448,1,0.001348,0.7996,14.0158,No Phase A (model-only),sea_async
sea,5.0,0.75,0.7,10,20,42,FPT_No dynamic memory update,0.765,1.131837,0.235,0.0644,2,0.001359,0.7612,14.1346,No dynamic memory update,sea_async
sea,5.0,0.75,0.7,10,20,123,FPT_No dynamic memory update,0.685,1.256831,0.315,0.0688,2,0.001358,0.7464,14.1268,No dynamic memory update,sea_async
sea,5.0,0.75,0.7,10,20,456,FPT_No dynamic memory update,0.6,1.222287,0.4,0.0448,1,0.001348,0.7996,14.0158,No dynamic memory update,sea_async
circle,10.0,0.0,0.5,10,20,42,FPT_Full,0.87,0.666534,0.13,0.0,0,0.001638,0.736,13.1026,Full,circle_easy
circle,10.0,0.0,0.5,10,20,123,FPT_Full,0.885,0.808204,0.115,0.0,0,0.001653,0.7068,13.222,Full,circle_easy
circle,10.0,0.0,0.5,10,20,456,FPT_Full,0.94,0.819276,0.06,0.0,0,0.001581,0.7184,12.6476,Full,circle_easy
circle,10.0,0.0,0.5,10,20,42,FPT_Hard assignment,0.855,0.440497,0.145,0.0,0,0.001642,0.736,13.1374,Hard assignment,circle_easy
circle,10.0,0.0,0.5,10,20,123,FPT_Hard assignment,0.865,0.387576,0.135,0.0,0,0.001653,0.7068,13.222,Hard assignment,circle_easy
circle,10.0,0.0,0.5,10,20,456,FPT_Hard assignment,0.94,0.408502,0.06,0.0,0,0.001581,0.7184,12.6476,Hard assignment,circle_easy
circle,10.0,0.0,0.5,10,20,42,FPT_No transition prior,0.825,0.080908,0.175,0.0,0,0.001643,0.736,13.141,No transition prior,circle_easy
circle,10.0,0.0,0.5,10,20,123,FPT_No transition prior,0.845,0.230917,0.155,0.0,0,0.001667,0.7068,13.336,No transition prior,circle_easy
circle,10.0,0.0,0.5,10,20,456,FPT_No transition prior,0.89,0.146913,0.11,0.0,0,0.001581,0.7184,12.6472,No transition prior,circle_easy
circle,10.0,0.0,0.5,10,20,42,FPT_No spawn/merge,1.0,0.0,0.0,0.0,0,0.001645,0.736,13.1598,No spawn/merge,circle_easy
circle,10.0,0.0,0.5,10,20,123,FPT_No spawn/merge,1.0,0.0,0.0,0.0,0,0.001679,0.7068,13.4344,No spawn/merge,circle_easy
circle,10.0,0.0,0.5,10,20,456,FPT_No spawn/merge,1.0,0.0,0.0,0.0,0,0.001579,0.718,12.6286,No spawn/merge,circle_easy
circle,10.0,0.0,0.5,10,20,42,FPT_No sticky dampening,0.87,0.666534,0.13,0.0,0,0.001638,0.736,13.1026,No sticky dampening,circle_easy
circle,10.0,0.0,0.5,10,20,123,FPT_No sticky dampening,0.885,0.808204,0.115,0.0,0,0.001653,0.7068,13.222,No sticky dampening,circle_easy
circle,10.0,0.0,0.5,10,20,456,FPT_No sticky dampening,0.94,0.819276,0.06,0.0,0,0.001581,0.7184,12.6476,No sticky dampening,circle_easy
circle,10.0,0.0,0.5,10,20,42,FPT_No Phase A (model-only),1.0,0.0,0.0,0.0,0,,0.6016,10.1346,No Phase A (model-only),circle_easy
circle,10.0,0.0,0.5,10,20,123,FPT_No Phase A (model-only),0.885,0.808204,0.115,0.0,0,0.001653,0.7068,13.222,No Phase A (model-only),circle_easy
circle,10.0,0.0,0.5,10,20,456,FPT_No Phase A (model-only),0.94,0.819276,0.06,0.0,0,0.001581,0.7184,12.6476,No Phase A (model-only),circle_easy
circle,10.0,0.0,0.5,10,20,42,FPT_No dynamic memory update,0.87,0.733812,0.13,0.0,0,0.001638,0.736,13.1026,No dynamic memory update,circle_easy
circle,10.0,0.0,0.5,10,20,123,FPT_No dynamic memory update,0.89,0.935216,0.11,0.0,0,0.001653,0.7068,13.222,No dynamic memory update,circle_easy
circle,10.0,0.0,0.5,10,20,456,FPT_No dynamic memory update,0.94,0.819276,0.06,0.0,0,0.001581,0.7184,12.6476,No dynamic memory update,circle_easy
circle,5.0,0.5,0.5,10,20,42,FPT_Full,0.37,0.666534,0.63,0.232,3,0.001638,0.736,13.1026,Full,circle_med
circle,5.0,0.5,0.5,10,20,123,FPT_Full,0.505,0.808204,0.495,0.158,2,0.001653,0.7068,13.222,Full,circle_med
circle,5.0,0.5,0.5,10,20,456,FPT_Full,0.48,0.819276,0.52,0.2528,6,0.001581,0.7184,12.6476,Full,circle_med
circle,5.0,0.5,0.5,10,20,42,FPT_Hard assignment,0.37,0.440497,0.63,0.232,3,0.001642,0.736,13.1374,Hard assignment,circle_med
circle,5.0,0.5,0.5,10,20,123,FPT_Hard assignment,0.49,0.387576,0.51,0.158,2,0.001653,0.7068,13.222,Hard assignment,circle_med
circle,5.0,0.5,0.5,10,20,456,FPT_Hard assignment,0.48,0.408502,0.52,0.2528,6,0.001581,0.7184,12.6476,Hard assignment,circle_med
circle,5.0,0.5,0.5,10,20,42,FPT_No transition prior,0.35,0.080908,0.65,0.232,3,0.001643,0.736,13.141,No transition prior,circle_med
circle,5.0,0.5,0.5,10,20,123,FPT_No transition prior,0.475,0.230917,0.525,0.1512,2,0.001667,0.7068,13.336,No transition prior,circle_med
circle,5.0,0.5,0.5,10,20,456,FPT_No transition prior,0.46,0.146913,0.54,0.2528,6,0.001581,0.7184,12.6472,No transition prior,circle_med
circle,5.0,0.5,0.5,10,20,42,FPT_No spawn/merge,0.38,0.0,0.62,0.2408,3,0.001645,0.736,13.1598,No spawn/merge,circle_med
circle,5.0,0.5,0.5,10,20,123,FPT_No spawn/merge,0.54,0.0,0.46,0.0476,2,0.001679,0.7068,13.4344,No spawn/merge,circle_med
circle,5.0,0.5,0.5,10,20,456,FPT_No spawn/merge,0.485,0.0,0.515,0.2288,6,0.001579,0.718,12.6286,No spawn/merge,circle_med
circle,5.0,0.5,0.5,10,20,42,FPT_No sticky dampening,0.37,0.666534,0.63,0.232,3,0.001638,0.736,13.1026,No sticky dampening,circle_med
circle,5.0,0.5,0.5,10,20,123,FPT_No sticky dampening,0.505,0.808204,0.495,0.158,2,0.001653,0.7068,13.222,No sticky dampening,circle_med
circle,5.0,0.5,0.5,10,20,456,FPT_No sticky dampening,0.48,0.819276,0.52,0.2528,6,0.001581,0.7184,12.6476,No sticky dampening,circle_med
circle,5.0,0.5,0.5,10,20,42,FPT_No Phase A (model-only),0.38,0.0,0.62,0.2428,6,,0.6016,10.1346,No Phase A (model-only),circle_med
circle,5.0,0.5,0.5,10,20,123,FPT_No Phase A (model-only),0.505,0.808204,0.495,0.158,2,0.001653,0.7068,13.222,No Phase A (model-only),circle_med
circle,5.0,0.5,0.5,10,20,456,FPT_No Phase A (model-only),0.48,0.819276,0.52,0.2528,6,0.001581,0.7184,12.6476,No Phase A (model-only),circle_med
circle,5.0,0.5,0.5,10,20,42,FPT_No dynamic memory update,0.37,0.733812,0.63,0.232,3,0.001638,0.736,13.1026,No dynamic memory update,circle_med
circle,5.0,0.5,0.5,10,20,123,FPT_No dynamic memory update,0.505,0.935216,0.495,0.158,2,0.001653,0.7068,13.222,No dynamic memory update,circle_med
circle,5.0,0.5,0.5,10,20,456,FPT_No dynamic memory update,0.48,0.819276,0.52,0.2528,6,0.001581,0.7184,12.6476,No dynamic memory update,circle_med
circle,5.0,0.5,1.0,10,20,42,FPT_Full,0.395,0.577076,0.605,0.2616,2,0.001659,0.736,13.2698,Full,circle_med_strong
circle,5.0,0.5,1.0,10,20,123,FPT_Full,0.515,0.64211,0.485,0.0264,0,0.001704,0.7068,13.6328,Full,circle_med_strong
circle,5.0,0.5,1.0,10,20,456,FPT_Full,0.48,0.69245,0.52,0.3876,4,0.001601,0.7192,12.8072,Full,circle_med_strong
circle,5.0,0.5,1.0,10,20,42,FPT_Hard assignment,0.38,0.330396,0.62,0.2616,2,0.001656,0.736,13.2446,Hard assignment,circle_med_strong
circle,5.0,0.5,1.0,10,20,123,FPT_Hard assignment,0.505,0.251506,0.495,0.0264,0,0.001704,0.7068,13.6328,Hard assignment,circle_med_strong
circle,5.0,0.5,1.0,10,20,456,FPT_Hard assignment,0.47,0.30397,0.53,0.3876,4,0.001603,0.7192,12.8244,Hard assignment,circle_med_strong
circle,5.0,0.5,1.0,10,20,42,FPT_No transition prior,0.39,0.006244,0.61,0.2616,2,0.001659,0.736,13.2698,No transition prior,circle_med_strong
circle,5.0,0.5,1.0,10,20,123,FPT_No transition prior,0.515,0.031875,0.485,0.0264,0,0.001704,0.7068,13.6328,No transition prior,circle_med_strong
circle,5.0,0.5,1.0,10,20,456,FPT_No transition prior,0.42,0.141702,0.58,0.3876,4,0.001601,0.7192,12.8072,No transition prior,circle_med_strong
circle,5.0,0.5,1.0,10,20,42,FPT_No spawn/merge,0.38,0.0,0.62,0.2256,2,0.001652,0.736,13.213,No spawn/merge,circle_med_strong
circle,5.0,0.5,1.0,10,20,123,FPT_No spawn/merge,0.54,0.0,0.46,0.0264,0,0.001704,0.7068,13.6328,No spawn/merge,circle_med_strong
circle,5.0,0.5,1.0,10,20,456,FPT_No spawn/merge,0.485,0.0,0.515,0.2076,4,0.001616,0.7192,12.928,No spawn/merge,circle_med_strong
circle,5.0,0.5,1.0,10,20,42,FPT_No sticky dampening,0.395,0.577076,0.605,0.2616,2,0.001659,0.736,13.2698,No sticky dampening,circle_med_strong
circle,5.0,0.5,1.0,10,20,123,FPT_No sticky dampening,0.515,0.64211,0.485,0.0264,0,0.001704,0.7068,13.6328,No sticky dampening,circle_med_strong
circle,5.0,0.5,1.0,10,20,456,FPT_No sticky dampening,0.48,0.69245,0.52,0.3876,4,0.001601,0.7192,12.8072,No sticky dampening,circle_med_strong
circle,5.0,0.5,1.0,10,20,42,FPT_No Phase A (model-only),0.38,0.0,0.62,0.2288,6,,0.5956,10.2048,No Phase A (model-only),circle_med_strong
circle,5.0,0.5,1.0,10,20,123,FPT_No Phase A (model-only),0.515,0.64211,0.485,0.0264,0,0.001704,0.7068,13.6328,No Phase A (model-only),circle_med_strong
circle,5.0,0.5,1.0,10,20,456,FPT_No Phase A (model-only),0.48,0.69245,0.52,0.3876,4,0.001601,0.7192,12.8072,No Phase A (model-only),circle_med_strong
circle,5.0,0.5,1.0,10,20,42,FPT_No dynamic memory update,0.405,0.65798,0.595,0.2616,3,0.001645,0.736,13.157,No dynamic memory update,circle_med_strong
circle,5.0,0.5,1.0,10,20,123,FPT_No dynamic memory update,0.515,0.670809,0.485,0.0264,0,0.001704,0.7068,13.6328,No dynamic memory update,circle_med_strong
circle,5.0,0.5,1.0,10,20,456,FPT_No dynamic memory update,0.48,0.699706,0.52,0.3876,4,0.001601,0.7192,12.8072,No dynamic memory update,circle_med_strong
circle,2.0,0.5,0.5,10,20,42,FPT_Full,0.255,0.666534,0.745,0.232,3,0.001638,0.736,13.1026,Full,circle_hard
circle,2.0,0.5,0.5,10,20,123,FPT_Full,0.215,0.808204,0.785,0.158,2,0.001653,0.7068,13.222,Full,circle_hard
circle,2.0,0.5,0.5,10,20,456,FPT_Full,0.18,0.819276,0.82,0.2528,6,0.001581,0.7184,12.6476,Full,circle_hard
circle,2.0,0.5,0.5,10,20,42,FPT_Hard assignment,0.255,0.440497,0.745,0.232,3,0.001642,0.736,13.1374,Hard assignment,circle_hard
circle,2.0,0.5,0.5,10,20,123,FPT_Hard assignment,0.22,0.387576,0.78,0.158,2,0.001653,0.7068,13.222,Hard assignment,circle_hard
circle,2.0,0.5,0.5,10,20,456,FPT_Hard assignment,0.18,0.408502,0.82,0.2528,6,0.001581,0.7184,12.6476,Hard assignment,circle_hard
circle,2.0,0.5,0.5,10,20,42,FPT_No transition prior,0.245,0.080908,0.755,0.232,3,0.001643,0.736,13.141,No transition prior,circle_hard
circle,2.0,0.5,0.5,10,20,123,FPT_No transition prior,0.195,0.230917,0.805,0.1512,2,0.001667,0.7068,13.336,No transition prior,circle_hard
circle,2.0,0.5,0.5,10,20,456,FPT_No transition prior,0.17,0.146913,0.83,0.2528,6,0.001581,0.7184,12.6472,No transition prior,circle_hard
circle,2.0,0.5,0.5,10,20,42,FPT_No spawn/merge,0.22,0.0,0.78,0.2408,3,0.001645,0.736,13.1598,No spawn/merge,circle_hard
circle,2.0,0.5,0.5,10,20,123,FPT_No spawn/merge,0.19,0.0,0.81,0.0476,2,0.001679,0.7068,13.4344,No spawn/merge,circle_hard
circle,2.0,0.5,0.5,10,20,456,FPT_No spawn/merge,0.155,0.0,0.845,0.2288,6,0.001579,0.718,12.6286,No spawn/merge,circle_hard
circle,2.0,0.5,0.5,10,20,42,FPT_No sticky dampening,0.255,0.666534,0.745,0.232,3,0.001638,0.736,13.1026,No sticky dampening,circle_hard
circle,2.0,0.5,0.5,10,20,123,FPT_No sticky dampening,0.215,0.808204,0.785,0.158,2,0.001653,0.7068,13.222,No sticky dampening,circle_hard
circle,2.0,0.5,0.5,10,20,456,FPT_No sticky dampening,0.18,0.819276,0.82,0.2528,6,0.001581,0.7184,12.6476,No sticky dampening,circle_hard
circle,2.0,0.5,0.5,10,20,42,FPT_No Phase A (model-only),0.22,0.0,0.78,0.2428,6,,0.6016,10.1346,No Phase A (model-only),circle_hard
circle,2.0,0.5,0.5,10,20,123,FPT_No Phase A (model-only),0.215,0.808204,0.785,0.158,2,0.001653,0.7068,13.222,No Phase A (model-only),circle_hard
circle,2.0,0.5,0.5,10,20,456,FPT_No Phase A (model-only),0.18,0.819276,0.82,0.2528,6,0.001581,0.7184,12.6476,No Phase A (model-only),circle_hard
circle,2.0,0.5,0.5,10,20,42,FPT_No dynamic memory update,0.255,0.733812,0.745,0.232,3,0.001638,0.736,13.1026,No dynamic memory update,circle_hard
circle,2.0,0.5,0.5,10,20,123,FPT_No dynamic memory update,0.21,0.935216,0.79,0.158,2,0.001653,0.7068,13.222,No dynamic memory update,circle_hard
circle,2.0,0.5,0.5,10,20,456,FPT_No dynamic memory update,0.18,0.819276,0.82,0.2528,6,0.001581,0.7184,12.6476,No dynamic memory update,circle_hard
circle,2.0,1.0,0.5,10,20,42,FPT_Full,0.19,0.666534,0.81,0.232,3,0.001638,0.736,13.1026,Full,circle_extreme
circle,2.0,1.0,0.5,10,20,123,FPT_Full,0.19,0.808204,0.81,0.158,2,0.001653,0.7068,13.222,Full,circle_extreme
circle,2.0,1.0,0.5,10,20,456,FPT_Full,0.17,0.819276,0.83,0.2528,6,0.001581,0.7184,12.6476,Full,circle_extreme
circle,2.0,1.0,0.5,10,20,42,FPT_Hard assignment,0.17,0.440497,0.83,0.232,3,0.001642,0.736,13.1374,Hard assignment,circle_extreme
circle,2.0,1.0,0.5,10,20,123,FPT_Hard assignment,0.195,0.387576,0.805,0.158,2,0.001653,0.7068,13.222,Hard assignment,circle_extreme
circle,2.0,1.0,0.5,10,20,456,FPT_Hard assignment,0.17,0.408502,0.83,0.2528,6,0.001581,0.7184,12.6476,Hard assignment,circle_extreme
circle,2.0,1.0,0.5,10,20,42,FPT_No transition prior,0.18,0.080908,0.82,0.232,3,0.001643,0.736,13.141,No transition prior,circle_extreme
circle,2.0,1.0,0.5,10,20,123,FPT_No transition prior,0.18,0.230917,0.82,0.1512,2,0.001667,0.7068,13.336,No transition prior,circle_extreme
circle,2.0,1.0,0.5,10,20,456,FPT_No transition prior,0.18,0.146913,0.82,0.2528,6,0.001581,0.7184,12.6472,No transition prior,circle_extreme
circle,2.0,1.0,0.5,10,20,42,FPT_No spawn/merge,0.15,0.0,0.85,0.2408,3,0.001645,0.736,13.1598,No spawn/merge,circle_extreme
circle,2.0,1.0,0.5,10,20,123,FPT_No spawn/merge,0.16,0.0,0.84,0.0476,2,0.001679,0.7068,13.4344,No spawn/merge,circle_extreme
circle,2.0,1.0,0.5,10,20,456,FPT_No spawn/merge,0.145,0.0,0.855,0.2288,6,0.001579,0.718,12.6286,No spawn/merge,circle_extreme
circle,2.0,1.0,0.5,10,20,42,FPT_No sticky dampening,0.19,0.666534,0.81,0.232,3,0.001638,0.736,13.1026,No sticky dampening,circle_extreme
circle,2.0,1.0,0.5,10,20,123,FPT_No sticky dampening,0.19,0.808204,0.81,0.158,2,0.001653,0.7068,13.222,No sticky dampening,circle_extreme
circle,2.0,1.0,0.5,10,20,456,FPT_No sticky dampening,0.17,0.819276,0.83,0.2528,6,0.001581,0.7184,12.6476,No sticky dampening,circle_extreme
circle,2.0,1.0,0.5,10,20,42,FPT_No Phase A (model-only),0.15,0.0,0.85,0.2428,6,,0.6016,10.1346,No Phase A (model-only),circle_extreme
circle,2.0,1.0,0.5,10,20,123,FPT_No Phase A (model-only),0.19,0.808204,0.81,0.158,2,0.001653,0.7068,13.222,No Phase A (model-only),circle_extreme
circle,2.0,1.0,0.5,10,20,456,FPT_No Phase A (model-only),0.17,0.819276,0.83,0.2528,6,0.001581,0.7184,12.6476,No Phase A (model-only),circle_extreme
circle,2.0,1.0,0.5,10,20,42,FPT_No dynamic memory update,0.19,0.733812,0.81,0.232,3,0.001638,0.736,13.1026,No dynamic memory update,circle_extreme
circle,2.0,1.0,0.5,10,20,123,FPT_No dynamic memory update,0.195,0.935216,0.805,0.158,2,0.001653,0.7068,13.222,No dynamic memory update,circle_extreme
circle,2.0,1.0,0.5,10,20,456,FPT_No dynamic memory update,0.17,0.819276,0.83,0.2528,6,0.001581,0.7184,12.6476,No dynamic memory update,circle_extreme
circle,5.0,0.25,0.3,10,20,42,FPT_Full,0.375,0.899061,0.625,0.2336,4,0.001629,0.736,13.0322,Full,circle_sync_mild
circle,5.0,0.25,0.3,10,20,123,FPT_Full,0.725,0.961825,0.275,0.162,3,0.001651,0.7064,13.2086,Full,circle_sync_mild
circle,5.0,0.25,0.3,10,20,456,FPT_Full,0.585,0.763083,0.415,0.2384,6,0.001553,0.716,12.4204,Full,circle_sync_mild
circle,5.0,0.25,0.3,10,20,42,FPT_Hard assignment,0.385,0.45735,0.615,0.2336,4,0.001635,0.736,13.0806,Hard assignment,circle_sync_mild
circle,5.0,0.25,0.3,10,20,123,FPT_Hard assignment,0.69,0.485077,0.31,0.162,3,0.001651,0.7064,13.2086,Hard assignment,circle_sync_mild
circle,5.0,0.25,0.3,10,20,456,FPT_Hard assignment,0.585,0.40663,0.415,0.2384,6,0.001553,0.716,12.4204,Hard assignment,circle_sync_mild
circle,5.0,0.25,0.3,10,20,42,FPT_No transition prior,0.37,0.054385,0.63,0.2336,4,0.001636,0.736,13.0894,No transition prior,circle_sync_mild
circle,5.0,0.25,0.3,10,20,123,FPT_No transition prior,0.615,0.593113,0.385,0.162,3,0.001651,0.7064,13.2082,No transition prior,circle_sync_mild
circle,5.0,0.25,0.3,10,20,456,FPT_No transition prior,0.57,0.108311,0.43,0.2384,6,0.001552,0.716,12.4192,No transition prior,circle_sync_mild
circle,5.0,0.25,0.3,10,20,42,FPT_No spawn/merge,0.36,0.0,0.64,0.2424,4,0.001637,0.736,13.0998,No spawn/merge,circle_sync_mild
circle,5.0,0.25,0.3,10,20,123,FPT_No spawn/merge,0.795,0.0,0.205,0.0736,3,0.00166,0.7064,13.277,No spawn/merge,circle_sync_mild
circle,5.0,0.25,0.3,10,20,456,FPT_No spawn/merge,0.595,0.0,0.405,0.2272,6,0.001555,0.7156,12.437,No spawn/merge,circle_sync_mild
circle,5.0,0.25,0.3,10,20,42,FPT_No sticky dampening,0.375,0.899061,0.625,0.2336,4,0.001629,0.736,13.0322,No sticky dampening,circle_sync_mild
circle,5.0,0.25,0.3,10,20,123,FPT_No sticky dampening,0.725,0.961825,0.275,0.162,3,0.001651,0.7064,13.2086,No sticky dampening,circle_sync_mild
circle,5.0,0.25,0.3,10,20,456,FPT_No sticky dampening,0.585,0.763083,0.415,0.2384,6,0.001553,0.716,12.4204,No sticky dampening,circle_sync_mild
circle,5.0,0.25,0.3,10,20,42,FPT_No Phase A (model-only),0.36,0.0,0.64,0.2352,6,,0.594,10.136,No Phase A (model-only),circle_sync_mild
circle,5.0,0.25,0.3,10,20,123,FPT_No Phase A (model-only),0.725,0.961825,0.275,0.162,3,0.001651,0.7064,13.2086,No Phase A (model-only),circle_sync_mild
circle,5.0,0.25,0.3,10,20,456,FPT_No Phase A (model-only),0.585,0.763083,0.415,0.2384,6,0.001553,0.716,12.4204,No Phase A (model-only),circle_sync_mild
circle,5.0,0.25,0.3,10,20,42,FPT_No dynamic memory update,0.375,0.973544,0.625,0.2336,4,0.001629,0.736,13.0322,No dynamic memory update,circle_sync_mild
circle,5.0,0.25,0.3,10,20,123,FPT_No dynamic memory update,0.725,0.992015,0.275,0.162,3,0.001651,0.7064,13.2086,No dynamic memory update,circle_sync_mild
circle,5.0,0.25,0.3,10,20,456,FPT_No dynamic memory update,0.585,0.779033,0.415,0.2384,6,0.001553,0.716,12.4204,No dynamic memory update,circle_sync_mild
